index,Close
0,124.28934
1,124.68956
2,125.78546
3,125.19453
4,126.18443
5,126.835556
6,126.86196
7,125.92117
8,127.22667
9,128.65611
