index,Close
0,429.74999999999983
1,429.74999999999983
2,429.74999999999983
3,429.74999999999983
4,429.74999999999983
5,429.74999999999983
6,429.74999999999983
7,429.74999999999983
8,429.74999999999983
9,429.74999999999983
