index,Close
0,439.80710960130244
1,445.03412576477024
2,449.48643332263873
3,453.1858720170529
4,456.2214370927992
5,458.71644014288364
6,460.79887432834755
7,462.58309717517807
8,464.1608765072893
9,465.59934510126436
